{"cameraMode":{"drawMode":0,"name":"Shaded","section":"Shading Mode"},"sceneLighting":false,"audioPlay":false,"sceneViewState":{"m_AlwaysRefresh":false,"showFog":true,"showSkybox":false,"showFlares":true,"showImageEffects":true,"showParticleSystems":true,"showVisualEffectGraphs":true,"m_FxEnabled":true},"in2DMode":false,"pivot":{"x":0.07608795166015625,"y":1.1185462474822999,"z":0.3414278030395508},"rotation":{"x":0.22346779704093934,"y":-0.10937332361936569,"z":0.02543996460735798,"w":0.9683934450149536},"size":2.5839548110961916,"orthographic":false}