{"cameraMode":{"drawMode":0,"name":"Shaded","section":"Shading Mode"},"sceneLighting":true,"audioPlay":false,"sceneViewState":{"m_AlwaysRefresh":false,"showFog":true,"showSkybox":false,"showFlares":true,"showImageEffects":true,"showParticleSystems":true,"showVisualEffectGraphs":true,"m_FxEnabled":true},"in2DMode":false,"pivot":{"x":10.819999694824219,"y":0.722000002861023,"z":-37.810001373291019},"rotation":{"x":0.39213335514068606,"y":0.38960325717926028,"z":-0.18910056352615357,"w":0.8118956089019775},"size":2.123676061630249,"orthographic":false}