{"cameraMode":{"drawMode":0,"name":"Shaded","section":"Shading Mode"},"sceneLighting":false,"audioPlay":false,"sceneViewState":{"m_AlwaysRefresh":false,"showFog":true,"showSkybox":false,"showFlares":true,"showImageEffects":true,"showParticleSystems":true,"showVisualEffectGraphs":true,"m_FxEnabled":true},"in2DMode":false,"pivot":{"x":-0.11656796932220459,"y":0.2689664363861084,"z":-0.10770618915557862},"rotation":{"x":0.22346779704093934,"y":-0.10937332361936569,"z":0.02543996460735798,"w":0.9683934450149536},"size":1.4533082246780396,"orthographic":false}