{"cameraMode":{"drawMode":0,"name":"Shaded","section":"Shading Mode"},"sceneLighting":false,"audioPlay":false,"sceneViewState":{"m_AlwaysRefresh":false,"showFog":true,"showSkybox":false,"showFlares":true,"showImageEffects":true,"showParticleSystems":true,"showVisualEffectGraphs":true,"m_FxEnabled":true},"in2DMode":false,"pivot":{"x":-0.0320182740688324,"y":0.9513450860977173,"z":-0.07671663165092468},"rotation":{"x":-0.4287927448749542,"y":0.19543810188770295,"z":-0.09553179144859314,"w":-0.8768610954284668},"size":1.0638446807861329,"orthographic":false}