{"cameraMode":{"drawMode":0,"name":"Shaded","section":"Shading Mode"},"sceneLighting":false,"audioPlay":false,"sceneViewState":{"m_AlwaysRefresh":false,"showFog":true,"showSkybox":false,"showFlares":true,"showImageEffects":true,"showParticleSystems":true,"showVisualEffectGraphs":true,"m_FxEnabled":true},"in2DMode":false,"pivot":{"x":11.539999961853028,"y":0.4000000059604645,"z":3.950000047683716},"rotation":{"x":-0.06603071093559265,"y":-0.5080018043518066,"z":0.03909790888428688,"w":-0.8579702973365784},"size":0.8660253882408142,"orthographic":false}