{"cameraMode":{"drawMode":0,"name":"Shaded","section":"Shading Mode"},"sceneLighting":true,"audioPlay":false,"sceneViewState":{"m_AlwaysRefresh":false,"showFog":true,"showSkybox":true,"showFlares":true,"showImageEffects":true,"showParticleSystems":true,"showVisualEffectGraphs":true,"m_FxEnabled":true},"in2DMode":false,"pivot":{"x":-6.742015838623047,"y":-0.18065473437309266,"z":40.22053146362305},"rotation":{"x":-0.07494165748357773,"y":0.34050679206848147,"z":-0.027208011597394944,"w":-0.9368917346000671},"size":4.610600471496582,"orthographic":false}