{"cameraMode":{"drawMode":0,"name":"Shaded","section":"Shading Mode"},"sceneLighting":false,"audioPlay":false,"sceneViewState":{"m_AlwaysRefresh":false,"showFog":true,"showSkybox":false,"showFlares":true,"showImageEffects":true,"showParticleSystems":true,"showVisualEffectGraphs":true,"m_FxEnabled":true},"in2DMode":false,"pivot":{"x":-6.41668176651001,"y":1.2927875518798829,"z":39.14606857299805},"rotation":{"x":0.031167732551693918,"y":0.033574365079402927,"z":0.001050375634804368,"w":-0.9989556074142456},"size":1.4865367412567139,"orthographic":false}