{"cameraMode":{"drawMode":0,"name":"Shaded","section":"Shading Mode"},"sceneLighting":false,"audioPlay":false,"sceneViewState":{"m_AlwaysRefresh":false,"showFog":true,"showSkybox":false,"showFlares":true,"showImageEffects":true,"showParticleSystems":true,"showVisualEffectGraphs":true,"m_FxEnabled":true},"in2DMode":false,"pivot":{"x":0.026370882987976075,"y":0.4946572482585907,"z":0.08611369132995606},"rotation":{"x":0.22346779704093934,"y":-0.10937332361936569,"z":0.02543996460735798,"w":0.9683934450149536},"size":1.6970090866088868,"orthographic":false}