{"cameraMode":{"drawMode":0,"name":"Shaded","section":"Shading Mode"},"sceneLighting":false,"audioPlay":false,"sceneViewState":{"m_AlwaysRefresh":false,"showFog":true,"showSkybox":false,"showFlares":true,"showImageEffects":true,"showParticleSystems":true,"showVisualEffectGraphs":true,"m_FxEnabled":true},"in2DMode":false,"pivot":{"x":11.539999961853028,"y":0.4000000059604645,"z":3.950000047683716},"rotation":{"x":-0.07494165748357773,"y":0.34050679206848147,"z":-0.027208011597394944,"w":-0.9368917346000671},"size":0.8660253882408142,"orthographic":false}